機種,下階,品名,需求總量,出貨地,用量比,噸位,產能,需求工時,顏色,優先級
SPA 聽筒,1B2122A00-11E,聽筒上蓋,9816,內交,1,180T,150 ,65 ,其他,0
SPA 聽筒,1B2122C00-01E,支架,9816,內交,1,100T,255 ,38 ,其他,0
SPA 聽筒,1B2122900-01E,聽筒底蓋,9816,內交,1,180T,123 ,80 ,其他,0
SPA303G,1B314TN00-01E,聽筒底蓋,8000,內交,1,250T,120 ,67 ,其他,0
SPA303G,1B314TS00-01E,聽筒上蓋,8000,內交,1,180T,191 ,42 ,其他,0
Hurricane,1B31F1U00-01E,NU聽筒上蓋,0,內交,1,180T,144 ,0 ,其他,0
Hurricane,1B31F1V00-01E,NU聽筒下蓋,0,內交,1,180T,106 ,0 ,其他,0
Hurricane,1B31F1Y00-01E,NU導光柱,0,內交,1,50T,164 ,0 ,其他,0
Hurricane,1B01N3D00-01E,聽筒支架,8000,內交,1,100T,480 ,17 ,其他,0
Hurricane,1B31F1T00-01E,EU聽筒上蓋,0,內交,1,180T外包,154 ,0 ,其他,0
Hurricane,1B31F1W00-01E,EU聽筒下蓋,0,內交,1,180T外包,128 ,0 ,白色,1
Hurricane,1B31F2000-01E,EU導光柱,0,內交,1,50T,202 ,0 ,白色,1
Promax,2Z0C9-128E,Promax 上蓋,1231,內交NSD,1,350T,142 ,9 ,白色,1
Promax,2Z0C9-129E,Promax 下蓋,1231,內交NSD,1,350T,143 ,9 ,白色,1
Promax,2Q687-641E,Promax 側蓋 ,1231,內交NSD,1,100T,295 ,4 ,白色,1
WW,1B0153R00-01E,聽筒上蓋,0,內交,1,180T外包,185 ,0 ,白色,1
WW,1B0153Q00-01E,聽筒下蓋,0,內交,1,180T,128 ,0 ,白色,1
WW,1B0153S00-01E,聽筒支架,0,內交,1,50T,479 ,0 ,白色,1
WW,2Q687-161E,聽筒導光柱,0,內交,1,50T外包,288 ,0 ,白色,1
WW,2Q687K141E,聽筒上蓋,0,內交,1,180T,219 ,0 ,白色,1
WW,2Q687K151E,聽筒底蓋,0,內交,1,180T,123 ,0 ,其他,1
Guiness,2Q687K031E,掛鉤,0,內交,1,50T外包,1277 ,0 ,其他,1
Guiness,2Q687-541E,燈罩,0,內交NSD,1,50T外包,1021 ,0 ,其他,1
Guiness,1A025V100-21E,切斷鍵總成,0,內交NSD,1,130T外包,257 ,0 ,其他,1
7942G CR5,2Q687K101E,數字鍵,0,內交,1,DC200T外包,225 ,0 ,其他,1
7942G CR5,2Q687K111E,導航鍵,0,內交,1,DC120T外包,900 ,0 ,其他,1
7942G CR5,2Q687-551E,功能鍵,0,內交,1,100T外包,297 ,0 ,其他,1
7942G CR5,2Q687K131E,功能按鈕,0,內交,1,100T外包,511 ,0 ,其他,1
7942G CR5,2Q687-212E,聲音功能鍵    ,0,內交,1,50T外包,170 ,0 ,其他,1
7942G CR5,2Q687K432E,聲音鍵,0,內交,1,100T外包,1021 ,0 ,其他,1
7942G CR5,1B316KV00-01E,前蓋,0,內交,1,350T外包,84 ,0 ,其他,1
7942G CR5,2Q687K232E,模式選擇鍵,0,內交,1,100T,494 ,0 ,其他,1
7942G CR5,2Q687K242E,信息鍵,0,內交,1,100T外包,1021 ,0 ,其他,1
7942G CR5,1B313H900-01E,7942面板,0,內交,1,350T外包,138 ,0 ,其他,1
7962G CR5,2Q687K101E,數字鍵,0,內交,1,DC200T外包,225 ,0 ,其他,1
7962G CR5,2Q687K111E,導航鍵,0,內交,1,DC120T外包,900 ,0 ,其他,1
7962G CR5,2Q687-551E,功能鍵,0,內交,1,100T外包,297 ,0 ,透明,1
7962G CR5,2Q687K131E,功能按鈕,0,內交,1,100T外包,511 ,0 ,透明,1
7962G CR5,2Q687-212E,聲音功能鍵    ,0,內交,1,50T外包,170 ,0 ,透明,1
7962G CR5,2Q687K432E,聲音鍵,0,內交,1,100T外包,1021 ,0 ,透明,1
7962G CR5,1B316KV00-01E,前蓋,0,內交,1,350T外包,84 ,0 ,透明,1
7962G CR5,2Q687K232E,模式選擇鍵,0,內交,1,100T,494 ,0 ,透明,1
7962G CR5,2Q687K242E,信息鍵,0,內交,1,100T外包,1021 ,0 ,透明,1
7962G CR5,1B313HA00-01E,7962面板,0,內交,1,350T外包,155 ,0 ,透明,1
7942/7962G CR5,1B3151Q00-21E,後蓋,0,內交,1,350T,82 ,0 ,透明,1
7942/7962G CR5,2Q687K081E,角架,0,內交,1,450T外包,170 ,0 ,透明,1
7942/7962G CR5,2Q687K091E,角架轉軸,0,內交,2,50T外包,1459 ,0 ,透明,1
7942/7962G CR5,2Q687-771E,腳架桿次總成,0,內交,1,0,144 ,0 ,透明,1
7942/7962G CR5,2Q687K051E,腳架桿銷板,0,內交,1,130T外包,511 ,0 ,透明,1
1A22CAU00P01E,1B3151R00-01E,後蓋,0,內交,1,350T,90 ,0 ,透明,1
1A22CAU00P01E,2Q687K061E,腳架桿按鈕,0,內交,1,130T外包,823 ,0 ,透明,1
1A22CAU00P01E,2Q687K071E,腳桿銷,0,內交,1,130T外包,538 ,0 ,透明,1
1A22CAU00P01E,2Q687K051E,腳架桿銷板,0,內交,1,130T外包,511 ,0 ,透明,1
1A22CAU00P01E,2Q687K081E,角架,0,內交,1,450T外包,170 ,0 ,透明,1
1A22CAU00P01E,2Q687K091E,角架轉軸,0,內交,2,50T外包,1459 ,0 ,透明,1
1A22CAY00P01E,1B3151Q00-01E,後蓋,0,內交,1,350T,90 ,0 ,透明,1
7945G CR5+7965CR5,1B3151S00-01E,前蓋,0,內交,1,350T外包,81 ,0 ,透明,1
7945G CR5,2Q687K101E,數字鍵,0,內交,1,DC200T外包,225 ,0 ,透明,1
7945G CR5,2Q687-212E,聲音功能鍵    ,0,內交,1,50T外包,170 ,0 ,透明,1
7945G CR5,2Q687K232E,模式選擇鍵,0,內交,1,100T,494 ,0 ,透明,1
7945G CR5,2Q687K242E,信息鍵,0,內交,1,100T外包,1021 ,0 ,透明,1
7945G CR5,2Q687-551E,功能鍵,0,內交,1,100T外包,297 ,0 ,透明,1
7945G CR5,2Q687K131E,功能按鈕,0,內交,1,100T外包,511 ,0 ,透明,1
7945G CR5,2Q687K432E,聲音鍵,0,內交,1,100T外包,1021 ,0 ,透明,1
7945G CR5,2Q687-411E,按鈕燈罩,0,內交,1,50T,576 ,0 ,透明,1
7945G CR5,1B013SC00-01E,導航鍵,0,內交,1,DC120T外包,195 ,0 ,透明,1
7945G CR5,1B013SE00-01E,選擇件,0,內交,1,DC120T外包,195 ,0 ,透明,1
7945G CR5,1B015FCR4-03E,7945面板,0,內交,1,250T外包,191 ,0 ,透明,1
7965G CR5,2Q687K101E,數字鍵,0,內交,1,DC200T外包,225 ,0 ,透明,1
7965G CR5,2Q687-212E,聲音功能鍵    ,0,內交,1,50T外包,170 ,0 ,透明,1
7965G CR5,2Q687K232E,模式選擇鍵,0,內交,1,100T,494 ,0 ,透明,1
7965G CR5,2Q687K242E,信息鍵,0,內交,1,100T外包,1021 ,0 ,透明,1
7965G CR5,2Q687-551E,功能鍵,0,內交,1,100T外包,297 ,0 ,透明,1
7965G CR5,2Q687K131E,功能按鈕,0,內交,1,100T外包,511 ,0 ,透明,1
7965G CR5,2Q687K432E,聲音鍵,0,內交,1,100T外包,1021 ,0 ,透明,1
7965G CR5,2Q687-411E,按鈕燈罩,0,內交,1,50T,576 ,0 ,透明,1
7965G CR5,1B013SC00-01E,導航鍵,0,內交,1,DC120T外包,195 ,0 ,透明,1
7965G CR5,1B013SE00-01E,選擇件,0,內交,1,DC120T外包,195 ,0 ,透明,1
7965G CR5,1B015FCR4-13E,7965面板,0,內交,1,250T外包,202 ,0 ,透明,1
7945/7965G CR5,1B3151R00-21E,後蓋,0,內交,1,350T,86 ,0 ,透明,1
7945/7965G CR5,2Q687K081E,角架,0,內交,1,450T外包,170 ,0 ,透明,1
7945/7965G CR5,2Q687K091E,角架轉軸,0,內交,2,50T外包,1459 ,0 ,透明,1
7945/7965G CR5,2Q687-771E,腳架桿次總成,0,內交,1,0,144 ,0 ,透明,1
7945/7965G CR5,2Q687K051E,腳架桿銷板,0,內交,1,130T外包,511 ,0 ,透明,1
7975G,1B013RV00-01E,前蓋,0,內交,1,350T外包,71 ,0 ,透明,1
7975G,1B013S400-02E,喇叭後蓋總成,0,內交,1,130T,239 ,0 ,透明,1
7975G,1B013SC00-01E,導航鍵,0,內交,1,DC120T外包,195 ,0 ,透明,1
7975G,1B013SE00-01E,選擇件,0,內交,1,DC120T外包,195 ,0 ,透明,1
7975G,2Q687-212E,聲音功能鍵    ,0,內交,1,50T外包,170 ,0 ,透明,1
7975G,2Q687-361E,按鈕,0,內交,4,50T,414 ,0 ,透明,1
7975G,2Q687-411E,按鈕燈罩,0,內交,1,50T,576 ,0 ,透明,1
7975G,2Q687-421E,功能按鈕,0,內交,1,50T,229 ,0 ,透明,1
7975G,2Q687-441E,功能選擇鍵,0,內交,4,50T,729 ,0 ,透明,1
7975G,2Q687K101E,數字鍵,0,內交,1,DC200T外包,225 ,0 ,透明,1
7975G,2Q687K232E,模式選擇鍵,0,內交,1,100T,494 ,0 ,透明,1
7975G,2Q687K242E,信息鍵,0,內交,1,100T外包,1021 ,0 ,透明,1
7975G,2Q687K432E,聲音鍵,0,內交,1,100T外包,1021 ,0 ,透明,1
7975G,1B013SF00-01E,后蓋,0,內交,1,350T外包,84 ,0 ,透明,1
7975G,2Q687K081E,角架,0,內交,1,450T外包,170 ,0 ,透明,1
7975G,2Q687K091E,角架轉軸,0,內交,2,50T外包,1459 ,0 ,透明,1
7975G,2Q687K381E,腳架插銷,0,內交,1,130T外包,319 ,0 ,透明,1
7975G,2Q687K391E,腳架插銷按鈕,0,內交,1,50T,673 ,0 ,透明,1
7975G,2Q687K401E,腳架插銷板,0,內交,1,100T,247 ,0 ,透明,1
Goped,2Q944-002E,前蓋,0,內交,1,350T,72 ,0 ,透明,1
Goped,2Q944-031E,燈罩,0,內交,1,50T,1459 ,0 ,透明,1
Goped,2Q944-041E,功能鍵,0,內交,4,100T,800 ,0 ,透明,1
Goped,2Q944-241E,數字鍵,0,內交,1,DC200T,191 ,0 ,透明,1
Goped,2Q944-051E,重撥鍵,0,內交,1,DC200T,191 ,0 ,透明,1
Goped,2Q944-061E,轉移鍵,0,內交,1,DC200T,191 ,0 ,透明,1
Goped,2Q944-121E,LCD蓋,0,內交,1,130T外包,225 ,0 ,透明,1
Goped,2Q944-131E,切斷鍵,0,內交,1,100T,348 ,0 ,透明,1
Goped,2Q944-161E,LCD支架,0,內交,1,130T外包,274 ,0 ,透明,1
Goped,2Q944-181E,導航鍵,0,內交,1,DC200T,267 ,0 ,透明,1
Goped,2Q944-221E,選擇鍵,0,內交,1,DC200T,267 ,0 ,透明,1
Goped,2Q944-233E,腳架(第一射),0,內交,1,180T,80 ,0 ,透明,1
Goped,2Q944-232E,腳架(未印刷),0,內交,1,100T,85 ,0 ,透明,1
Goped,2Q944-141E,喇叭後蓋,0,內交,1,100T,295 ,0 ,透明,1
Goped,2Q944-151E,掛鉤,0,內交,1,50T,626 ,0 ,透明,1
Goped,2Q944-171E,程式鍵,0,內交,24,50T,873 ,0 ,透明,1
Goped,2Q944-072E,音量鍵,0,內交,1,50T,533 ,0 ,透明,1
Goped,2Q944-192E,免提鍵,0,內交,1,50T,460 ,0 ,透明,1
Goped,2Q944-202E,靜音鍵,0,內交,1,50T,411 ,0 ,透明,1
Goped,2Q944-212E,暫停鍵,0,內交,1,100T,1094 ,0 ,透明,1
Goped,1A0225D00-01E,後蓋總成,0,內交NSD,1,350T,65 ,0 ,透明,1
Goped,2Q944-081E,聽筒上蓋,0,內交,1,180T,153 ,0 ,透明,1
Goped,2Q944-091E,聽筒下蓋,0,內交,1,180T,120 ,0 ,透明,1
Goped,2Q944-101E,聽筒導光柱,0,內交,1,50T,320 ,0 ,透明,1
Goped,2Q944-111E,支架,0,內交,1,100T,600 ,0 ,透明,1
Bananarama,1B01FPA00-01E,模式功能鍵,0,內交NSD,2,100T,240 ,0 ,透明,1
Bananarama,1B01FPB00-01E,LCD支架B,0,內交NSD,1,180T外包,348 ,0 ,透明,1
Bananarama,1B01FPC00-01E,LCD支架A,0,內交NSD,1,180T外包,348 ,0 ,透明,1
Bananarama,1B01FPD00-01E,透明按鈕,0,內交NSD,1,50T,218 ,0 ,透明,1
Bananarama,1B01FMQ00-01E,前蓋,0,內交,1,180T外包,77 ,0 ,透明,1
Bananarama,2Q687K311E,底座,0,內交NSD,1,180T外包,85 ,0 ,透明,1
Athena,1B01YSE00-01E,功率導光柱,0,內交,1,50T,547 ,0 ,透明,1
Athena,1B01YSG00-02E,上蓋,0,內交,1,650T,50 ,0 ,透明,1
Athena,1B01YHK00-01E,電池蓋,0,內交,1,650T,57 ,0 ,透明,1
Athena,1B01YSF00-01E,電池導光柱,0,內交,6,50T,295 ,0 ,透明,1
Athena,1A02B9U00-01E,卡門,0,內交NSD,1,130T,117 ,0 ,透明,1
Athena,2Q1C8-011E,下蓋,0,內交,1,650T,54 ,0 ,透明,1
RT Black,1B01N8900-01E,導光柱,0,內交,1,50T,700 ,0 ,透明,1
RT Black,1B21GK600-01E,連接蓋,0,內交,1,100T,436 ,0 ,透明,1
RT Black,1B01N7500-02E,角架前蓋,0,內交,1,350T外包,131 ,0 ,透明,1
RT Black,1A02FT400-01E,後蓋總成,0,內交NSD,1,450T,65 ,0 ,透明,1
RT Black,1B01N8V00-01E,連接器擋板,0,內交,1,130T,511 ,0 ,透明,1
RT Black,1B212YC00-01E,蓋子,0,內交,1,50T,529 ,0 ,透明,1
RT Black,1B01N3K00-01E,聽筒上蓋,0,內交,1,180T,132 ,0 ,透明,1
RT Black,1B01N3J00-01E,聽筒下蓋,0,內交,1,180T,120 ,0 ,透明,1
RT Black,1B01N3D00-01E,聽筒支架,0,內交,1,100T,480 ,0 ,透明,1
RT Black,1B01N3F00-01E,導光柱,0,內交,1,50T,182 ,0 ,透明,1
RT Black/1A02FY600/FY6TC,1B01N3G00-01E,聽筒上蓋,0,內交,1,180T,150 ,0 ,透明,1
RT Black/1A02FY600/FY6BC,1B01N3H00-01E,聽筒下蓋,0,內交,1,180T,132 ,0 ,透明,1
RT Black/1A02FY600/FY6BC,1B01N3D00-01E,聽筒支架,0,內交,1,100T,480 ,0 ,透明,1
RT Black/1A02FY600/FY6TC,1B01NWP00-01E,導光柱,0,內交,1,50T,206 ,0 ,透明,1
RT Black,1A02FT300-03E,切斷鍵總成,0,內交,1,130T外包,240 ,0 ,透明,1
RT Black,1B01N8U00-01E,可拆卸功能鍵,0,內交,1,DC200T外包,1161 ,0 ,透明,1
RT Black,1B01N8U00-02E,會議鍵,0,內交,1,DC200T外包,1161 ,0 ,透明,1
RT Black,1B01N8U00-03E,暫停鍵,0,內交,1,DC200T外包,1222 ,0 ,透明,1
RT Black,1B01N8Q00-01E,可拆卸功能鍵,0,內交,1,DC200T外包,1290 ,0 ,透明,1
RT Black,1B01N8Q00-02E,目錄鍵,0,內交,1,DC200T外包,1290 ,0 ,透明,1
RT Black,1B01N8Q00-03E,語音郵件鍵,0,內交,1,DC200T外包,1290 ,0 ,透明,1
RT Black,1B01N8P00-01E,挂鉤,0,內交,1,50T,520 ,0 ,透明,1
RT Black,1B01YJB00-01E,上支架,0,內交,1,180T外包,383 ,0 ,透明,1
RT Black,1B01YHJ00-01E,下支架,0,內交,1,180T外包,384 ,0 ,透明,1
RT Black,1B01N8N00-01E,數字鍵,0,內交,1,DC200T外包,225 ,0 ,透明,1
RT Black,1B01N8M00-01E,透光功能鍵,0,內交,1,HDC200T,384 ,0 ,透明,1
RT Black,1B01N8400-02E,選擇鍵,0,內交,1,DC200T外包,896 ,0 ,透明,1
RT Black,1B01N8T00-01E,音量鍵,0,內交,1,DC120T,438 ,0 ,透明,1
RT Black,1B01N8R00-01E,後退鍵,0,內交,1,DC120T,438 ,0 ,透明,1
RT Black,1B01N8L00-01E,掛斷鍵,0,內交,1,DC120T,479 ,0 ,透明,1
RT Black,1B01N8500-02E,導航鍵,0,內交,1,DC120T外包,360 ,0 ,透明,1
RT Black,1B01N7100-01E,功能鍵,0,內交,2,DC200T外包,171 ,0 ,透明,1
RT Black,1B01N7320-01E,LCD前蓋,0,內交,1,DC200T,65 ,0 ,透明,1
RT Black,1B01N7400-01E,LCD後蓋,0,內交,1,350T,109 ,0 ,透明,1
RT Black,1B01N7200-02E,LCD 面板,0,內交,1,250T,130 ,0 ,透明,1
RT Black,1B01VG100-21E,LCD前蓋,0,內交,1,DC200T,65 ,0 ,透明,1
RT Black,1B01VG400-01E,功能鍵,0,內交,1,130T外包,438 ,0 ,透明,1
RT Black,1B01VG000-02E,LCD 面板,0,內交,1,180T,111 ,0 ,透明,1
RT Black,1B01VG300-01E,LCD後蓋,0,內交,1,350T,114 ,0 ,透明,1
RT Black,1A2233D00-01E,LCD後蓋總成,0,內交NSD,1,350T,106 ,0 ,透明,1
RT Black,1B01N8CR1-01E,前蓋,0,內交,1,350T,53 ,0 ,透明,1
RT Black,1B4123B00-01E,數字鍵,0,內交,1,HDC200T,168 ,0 ,透明,1
RT Black,1B21PTCR1-01E,前蓋,0,內交,1,350T,48 ,0 ,透明,1
RT White,1B01N8900-01E,導光柱,0,內交,1,50T,700 ,0 ,透明,1
RT White,1B21GK600-21E,連接蓋,0,內交,1,100T,355 ,0 ,透明,1
RT White,1B01N75UV-12E,角架前蓋,0,內交,1,350T外包,101 ,0 ,透明,1
RT White,1A02FT400-21E,RT後蓋總成(白色),0,內交NSD,1,450T,65 ,0 ,透明,1
RT White,1B01N8V00-01E,連接器擋板,0,內交,1,130T,511 ,0 ,透明,1
RT White,1B212YCUV-11E,camera 蓋,0,內交,1,50T,333 ,0 ,透明,1
RT White,1B01N3KUV-11E,聽筒上蓋,0,內交,1,180T,176 ,0 ,透明,1
RT White,1B01N3JUV-11E,聽筒下蓋,0,內交,1,180T,161 ,0 ,透明,1
RT White,1B01N3D00-01E,聽筒支架,0,內交,1,100T,480 ,0 ,透明,1
RT White,1B01N3F00-01E,導光柱,0,內交,1,50T,182 ,0 ,透明,1
RT White,1B01N3GUV-11E,聽筒上蓋,0,內交,1,180T,142 ,0 ,透明,1
RT White,1B01N3HUV-11E,聽筒下蓋,0,內交,1,180T,136 ,0 ,透明,1
RT White,1B01N3D00-01E,聽筒支架,0,內交,1,100T,480 ,0 ,透明,1
RT White,1B01NWP00-01E,導光柱,0,內交,1,50T,206 ,0 ,透明,1
RT White,1A02FT300-23E,切斷鍵,0,內交,1,130T外包,240 ,0 ,透明,1
RT White,1B01N8U00-11E,轉接鍵,0,內交,1,DC200T外包,236 ,0 ,透明,1
RT White,1B01N8U00-12E,會議鍵,0,內交,1,DC200T外包,236 ,0 ,透明,1
RT White,1B01N8U00-13E,暫停鍵,0,內交,1,DC200T外包,236 ,0 ,透明,1
RT White,1B01N8Q00-11E,應用鍵,0,內交,1,DC200T外包,236 ,0 ,透明,1
RT White,1B01N8Q00-12E,目錄鍵,0,內交,1,DC200T外包,236 ,0 ,透明,1
RT White,1B01N8Q00-13E,語音郵件鍵,0,內交,1,DC200T外包,236 ,0 ,透明,1
RT White,1B01N8P00-21E,挂鉤,0,內交,1,130T,501 ,0 ,透明,1
RT White,1B01YJB00-21E,上支架,0,內交,1,180T外包,245 ,0 ,透明,1
RT White,1B01YHJ00-21E,下支架,0,內交,1,180T外包,415 ,0 ,透明,1
RT White,1B01N8N00-11E,數字鍵,0,內交,1,DC200T外包,225 ,0 ,透明,1
RT White,1B01N8M00-11E,透光功能鍵,0,內交,1,HDC200T,1891 ,0 ,透明,1
RT White,1B01N8400-12E,選擇鍵,0,內交,1,DC200T外包,1135 ,0 ,透明,1
RT White,1B01N8T00-11E,音量鍵,0,內交,1,DC120T,315 ,0 ,透明,1
RT White,1B01N8R00-11E,後退鍵,0,內交,1,DC120T,315 ,0 ,透明,1
RT White,1B01N8L00-11E,掛斷鍵,0,內交,1,DC120T,511 ,0 ,透明,1
RT White,1B01N8500-02E,導航鍵,0,內交,1,DC120T外包,360 ,0 ,透明,1
RT White,1B01N7100-11E,功能鍵,0,內交,2,DC200T外包,153 ,0 ,透明,1
RT White,1B01N732V-11E,LCD前蓋(白色),0,內交,1,DC200T,47 ,0 ,透明,1
RT White,1B01N74UV-11E,LCD後蓋,0,內交,1,350T,113 ,0 ,透明,1
RT White,1B01N72UV-12E,LCD 面板,0,內交,1,180T,123 ,0 ,透明,1
RT White,1B01VG100-31E,LCD前蓋,0,內交,1,DC200T,55 ,0 ,透明,1
RT White,1B01VG400-11E,功能鍵,0,內交,1,100T外包,383 ,0 ,透明,1
RT White,1B01VG0UV-12E,LCD 面板,0,內交,1,180T,111 ,0 ,透明,1
RT White,1B01VG3UV-11E,LCD後蓋,0,內交,1,350T,106 ,0 ,透明,1
RT White,1A2233DUV-11E,LCD後蓋總成,0,內交NSD,1,350T,109 ,0 ,透明,1
RT White,1B01N8CR1-21E,前蓋,0,內交,1,350T,55 ,0 ,透明,1
RT White,1B4123B00-11E,數字鍵,0,內交,1,HDC200T,120 ,0 ,透明,1
RT White,1B21PTCR1-21E,前蓋,0,內交,1,350T,47 ,0 ,透明,1
Longsword 68-3144,1B01RU300-01E,LCD前蓋,0,內交,1,130T,92 ,0 ,透明,1
Longsword 68-3144,1B01RU400-02E,角架前蓋,0,內交,1,180T外包,137 ,0 ,透明,1
Longsword 68-3144,1B01RU500-01E,LCD後蓋總成,0,內交NSD,1,180T,120 ,0 ,透明,1
Longsword 68-3144,1B01RUG00-01E,按鈕,0,內交,2,DC120T,189 ,0 ,透明,1
Longsword 68-3144,1B01RTP00-01E,後蓋,0,內交,1,180T,130 ,0 ,透明,1
Longsword 68-3144,1B01N8V00-01E,連接器擋板,0,內交,1,130T,511 ,0 ,透明,1
Longsword 68-3144,1B01N8V00-11E,連接器擋板,0,內交,1,130T,511 ,0 ,透明,1
Longsword 68-3144,1B01RTN00-01E,前蓋,0,內交,1,180T,144 ,0 ,透明,1
Longsword 68-3144,1B01RU100-01E,功能按鈕(左),0,內交NSD,1,HDC200T,257 ,0 ,透明,1
Longsword 68-3144,1B01RU200-01E,功能按鈕(右),0,內交NSD,1,HDC200T,266 ,0 ,透明,1
Longsword 68-3144,1B01RUJ00-02E,顯示器面板,0,內交,1,130T,63 ,0 ,透明,1
Longsword 68-3144,1B21GF300-01E,支架,0,內交NSD,1,130T,284 ,0 ,透明,1
Longsword 68-3144,1B01RVM00-01E,LCD支架,0,內交NSD,1,180T,213 ,0 ,透明,1
Longsword 68-3406,1B01RU300-11E,LCD前蓋,0,內交,1,130T,90 ,0 ,透明,1
Longsword 68-3406,1B01RU400-12E,角架前蓋,0,內交,1,180T外包,124 ,0 ,透明,1
Longsword 68-3406,1B01RU500-21E,LCD後蓋總成,0,內交,1,180T,92 ,0 ,透明,1
Longsword 68-3406,1B01RUG00-11E,按鈕,0,內交,2,DC120T,178 ,0 ,透明,1
Longsword 68-3406,1B01RTP00-11E,後蓋,0,內交,1,180T,113 ,0 ,透明,1
Longsword 68-3406,1B01N8V00-01E,連接器擋板,0,內交,1,130T,511 ,0 ,透明,1
Longsword 68-3406,1B01N8V00-11E,連接器擋板,0,內交,1,130T,511 ,0 ,透明,1
Longsword 68-3406,1B01RTN00-11E,前蓋,0,內交,1,180T,144 ,0 ,透明,1
Longsword 68-3406,1B01RU100-11E,功能按鈕(左),0,內交NSD,1,HDC200T,161 ,0 ,透明,1
Longsword 68-3406,1B01RU200-11E,功能按鈕(右),0,內交NSD,1,HDC200T,161 ,0 ,透明,1
Longsword 68-3406,1B01RUJ00-12E,顯示器面板,0,內交,1,130T,85 ,0 ,透明,1
Longsword 68-3406,1B01RVM00-01E,LCD支架,0,內交NSD,1,180T,213 ,0 ,透明,1
Longsword 68-3406,1B21GF300-11E,支架,0,內交,1,130T,255 ,0 ,透明,1
Igraine 74-6821/6822,1B21NLC00-02E,功能鍵1,0,內交,1,100T,273 ,0 ,透明,1
Igraine 74-6821/6822,1B21NLD00-02E,功能鍵2,0,內交,1,100T,273 ,0 ,透明,1
Igraine 74-6821/6822,1B21NLE00-02E,音量鍵,0,內交,1,100T,273 ,0 ,透明,1
Igraine 74-6821/6822,1B21NLH00-01E,數字鍵,0,內交,1,DC200T外包,211 ,0 ,透明,1
Igraine 74-6821/6822,1B21RWP00-01E,掛鉤,0,內交,1,50T,576 ,0 ,透明,1
Igraine 74-6821/6822,7D060GJ00-00E,橡膠墊,0,內交,1,DC120T,451 ,0 ,透明,1
Igraine 74-6821/6822,1B21NLB00-01E,免提鍵,0,內交,1,50T外包,240 ,0 ,透明,1
Igraine 74-6821/6822,1B21NLF00-01E,靜音鍵,0,內交,1,50T外包,240 ,0 ,透明,1
Igraine 74-6821/6822,1B21NLG00-01E,功能鍵,0,內交,1,50T外包,960 ,0 ,透明,1
Igraine 74-6821/6822,1B21NRJ00-01E,掛鉤支架,0,內交,1,50T,537 ,0 ,透明,1
Igraine 74-6821/6822,1B21NMB00-02E,前蓋,0,內交,1,350T,54 ,0 ,透明,1
Igraine 74-6821/6822,1B21NMA00-01E,後蓋,0,內交,1,350T,56 ,0 ,透明,1
Igraine 74-6821/6822,1B21NQE00-02E,腳架前蓋,0,內交,1,350T外包,191 ,0 ,透明,1
Igraine 74-6821,1B21NNQT0-01E,聽筒上蓋,0,內交,1,180T,191 ,0 ,透明,1
Igraine 74-6821,1B21NNQ00-01E,聽筒底蓋,0,內交,1,180T,131 ,0 ,透明,1
Igraine 74-6821,1B01N3D00-01E,聽筒支架,0,內交,1,100T,480 ,0 ,透明,1
Igraine 74-6821,1B01NWP00-01E,導光柱,0,內交,1,50T,206 ,0 ,透明,1
Igraine 74-6822,1B21NNVT0-01E,聽筒上蓋,0,內交,1,180T,152 ,0 ,透明,1
Igraine 74-6822,1B21NNV00-01E,聽筒底蓋,0,內交,1,180T,116 ,0 ,透明,1
Igraine 74-6822,1B01N3D00-01E,聽筒支架,0,內交,1,100T,480 ,0 ,透明,1
Igraine 74-6822,1B01N3F00-01E,導光柱,0,內交,1,50T,182 ,0 ,透明,1
Igraine 74-6819/20/21/22,1B01N8900-11E,導光柱,1631,內交,1,130T,597 ,3 ,其他,1
Igraine 74-6821/6822,1B21RWQ00-01E,切斷鍵,0,內交,1,50T,306 ,0 ,其他,1
Igraine 74-6819/6820,1B21NLB00-11E,免提鍵,0,內交,1,50T外包,240 ,0 ,其他,1
Igraine 74-6819/6820,1B21NLF00-11E,靜音鍵,0,內交,1,50T外包,240 ,0 ,其他,1
Igraine 74-6819/6820,1B21NLG00-11E,功能鍵,0,內交,1,50T外包,960 ,0 ,其他,1
Igraine 74-6819/6820,1B21NLH00-11E,數字鍵,0,內交,1,DC200T外包,207 ,0 ,其他,1
Igraine 74-6819/6820,1B21RWP00-11E,掛鉤,0,內交,1,50T,526 ,0 ,其他,1
Igraine 74-6819/6820,1B21NLC00-12E,功能鍵1,0,內交,1,100T,239 ,0 ,其他,1
Igraine 74-6819/6820,1B21NLD00-12E,功能鍵2,0,內交,1,100T,255 ,0 ,其他,1
Igraine 74-6819/6820,1B21NLE00-12E,音量鍵,0,內交,1,100T,255 ,0 ,其他,1
Igraine 74-6819/6820,7D060GJ00-11E,橡膠墊,0,內交,1,DC120T,451 ,0 ,其他,1
Igraine 74-6819/6820,1B21NRJ00-11E,掛鉤支架,0,內交,1,50T,547 ,0 ,其他,1
Igraine 74-6819/6820,1B21NMB00-12E,前蓋,0,內交,1,350T,60 ,0 ,其他,1
Igraine 74-6819/6820,1B21NMA00-11E,後蓋,0,內交,1,350T,56 ,0 ,其他,1
Igraine 74-6819/6820,1B21NQE00-12E,腳架前蓋,0,內交,1,350T外包,109 ,0 ,其他,1
Igraine 74-6819,1B01N3G00-11E,聽筒上蓋,0,內交,1,180T,147 ,0 ,其他,1
Igraine 74-6819,1B21NNQ00-11E,聽筒底蓋,0,內交,1,180T,129 ,0 ,其他,1
Igraine 74-6819,1B01N3D00-01E,聽筒支架,0,內交,1,100T,480 ,0 ,其他,1
Igraine 74-6819,1B01NWP00-01E,導光柱,0,內交,1,50T,206 ,0 ,其他,1
Igraine 74-6820,1B01N3K00-11E,聽筒上蓋,0,內交,1,180T,142 ,0 ,其他,1
Igraine 74-6820,1B21NNV00-11E,聽筒底蓋,0,內交,1,180T,128 ,0 ,其他,1
Igraine 74-6820,1B01N3D00-01E,聽筒支架,0,內交,1,100T,480 ,0 ,其他,1
Igraine 74-6820,1B01N3F00-01E,導光柱,0,內交,1,50T,182 ,0 ,其他,1
Igraine 74-6819/6820,1B21RWQ00-11E,切斷鍵,0,內交,1,50T,306 ,0 ,其他,1
Aleta 74-6824/6825,1B21NRJ00-01E,掛鉤支架,0,內交,1,50T,537 ,0 ,其他,1
Aleta 74-6824/6825,1B21PAC00-12E,前蓋,0,內交,1,350T,102 ,0 ,其他,1
Aleta 74-6824/6825,1B21RWP00-11E,掛鉤,0,內交,1,50T,526 ,0 ,其他,1
Aleta 74-6824/6825,1B21NLH00-11E,數字鍵,0,內交,1,DC200T外包,207 ,0 ,其他,1
Aleta 74-6824/6825,1B21TEV00-12E,功能鍵,0,內交,1,50T,277 ,0 ,其他,1
Aleta 74-6824/6825,1B21TEW00-12E,音量鍵(白),0,內交,1,50T,277 ,0 ,其他,1
Aleta 74-6824/6825,1B21PA500-11E,後蓋,0,內交,1,350T,120 ,0 ,其他,1
Aleta 74-6824/6825,1B21PA100-01E,喇叭支架,0,內交,1,100T,498 ,0 ,其他,1
Aleta 74-6824/6825,1B21PA600-11E,腳架,0,內交,1,100T,224 ,0 ,其他,1
Aleta 74-6826/6827,1B21RWP00-01E,掛鉤,1631,內交,1,50T,576 ,3 ,其他,1
Aleta 74-6826/6827,1B21NRJ00-01E,掛鉤支架,1631,內交,1,50T,537 ,3 ,其他,1
Aleta 74-6826/6827,1B21PAC00-02E,前蓋,1631,內交,1,350T,119 ,14 ,其他,1
Aleta 74-6826/6827,1B21NLH00-01E,數字鍵,1631,內交,1,DC200T外包,211 ,8 ,其他,1
Aleta 74-6826/6827,1B21TEV00-02E,功能鍵,1631,內交,1,50T,479 ,3 ,其他,1
Aleta 74-6826/6827,1B21TEW00-02E,音量鍵,1631,內交,1,50T,479 ,3 ,其他,1
Aleta 74-6826/6827,1B21PA500-01E,後蓋,1631,內交,1,350T,129 ,13 ,其他,1
Aleta 74-6826/6827,1B21PA100-01E,喇叭支架,1631,內交,1,100T,498 ,3 ,其他,1
Aleta 74-6826/6827,1B21PA600-01E,腳架,1631,內交,1,100T,186 ,9 ,其他,1
orthurs 74-7022,1B21U6L00-01E,導光柱,0,內交,1,50T外包,180 ,0 ,其他,1
orthurs 74-7022,1B21U6M00-01E,按鍵,0,內交,1,50T外包,284 ,0 ,其他,1
orthurs 74-7022,1B21U6J00-02E,上蓋,0,內交,1,180T外包,82 ,0 ,其他,1
orthurs 74-7022,1B21U6K00-01E,底蓋,0,內交,1,180T,78 ,0 ,其他,1
Cinderella 74-8071 ,1B31H3K00-02E,前蓋,8000,內交,1,350T,59 ,136 ,其他,1
Cinderella 74-8071 ,1B21RWP00-01E,掛鉤,8000,內交,1,50T,576 ,14 ,其他,1
Cinderella 74-8071 ,1B21NRJ00-01E,掛鉤支架,8000,內交,1,50T,537 ,15 ,其他,1
Cinderella 74-8071 ,1B31GU800-01E,切斷鍵,8000,內交,1,130T,229 ,35 ,其他,1
Cinderella 74-8071 ,1B31GU700-01E,後蓋,8000,內交,1,350T,101 ,79 ,其他,1
Cinderella 74-8071 ,1B31H3L00-01E,角架,8000,內交,1,130T,202 ,40 ,其他,1
Cinderella 74-8071 ,1B31H3H00-01E,聽筒下蓋,8000,內交,1,250T,120 ,67 ,其他,1
Cinderella 74-8071 ,1B31H3J00-01E,聽筒上蓋,8000,內交,1,250T,160 ,50 ,其他,1
Cinderella 74-8071 ,1B31GJS00-01E,導光柱,8000,內交,1,130T,411 ,19 ,其他,1
bourbon 68-4829-01,1B4183W00-01E,後蓋,0,內交,1,450T,53 ,0 ,其他,1
bourbon 68-4829-01,1B4183B00-01E,屏幕後蓋,0,內交,1,250T,120 ,0 ,其他,1
bourbon 68-4829-01,1B41C6H00-01E,屏幕支架,0,內交,1,180T,120 ,0 ,其他,1
bourbon 68-4829-01,1B4183H00-01E,導光柱,0,內交,1,50T,640 ,0 ,其他,1
bourbon 68-4829-01,1B417M900-01E,聽筒上蓋,0,內交,1,180T,116 ,0 ,其他,1
bourbon 68-4829-01,1B417MA00-01E,聽筒底蓋,0,內交,1,180T,133 ,0 ,其他,1
bourbon 68-4829-01,1B01N3D00-21E,聽筒支架,0,內交,1,100T,379 ,0 ,其他,1
bourbon 68-4829-01,1B417M800-01E,聽筒導光柱,0,內交,1,50T,226 ,0 ,其他,1
bourbon 68-4829-01,1B4183Y00-01E,前蓋,0,內交,1,350T,53 ,0 ,其他,1
bourbon 68-4829-01,1B41CKK00-01E,上支架,0,內交,1,DC200T,120 ,0 ,其他,1
bourbon 68-4829-01,1B4184000-02E,下支架,0,內交,1,DC200T,120 ,0 ,其他,1
bourbon 68-4829-01,1B41CK800-01E,切斷鍵次總成,0,內交,1,100T,180 ,0 ,其他,1
bourbon 68-4829-01,1B41CKJ00-01E,燈罩,0,內交,1,50T,360 ,0 ,其他,1
bourbon 68-4829-01,1B41CKW00-01E,數字按鍵,0,內交,1,HDC200T外包,120 ,0 ,其他,1
bourbon 68-4829-01,1B41CK500-01E,聲音鍵,0,內交,1,DC120T,288 ,0 ,其他,1
bourbon 68-4829-01,1B418KV00-01E,功能按鍵,0,內交,1,HDC200T,240 ,0 ,其他,1
bourbon 68-4829-01,1B4183E00-01E,可拆卸鍵,0,內交,1,DC200T,480 ,0 ,其他,1
bourbon 68-4829-01,1B4183E00-02E,可拆卸鍵,0,內交,1,DC200T,480 ,0 ,其他,1
bourbon 68-4829-01,1B4183E00-03E,可拆卸鍵,0,內交,1,DC200T,480 ,0 ,其他,1
bourbon 68-4829-01,1B4183E00-04E,掛斷鍵,0,內交,1,DC120T,576 ,0 ,其他,1
bourbon 68-4829-01,1B52CQN00-01E,掛鉤,0,內交,1,50T,360 ,0 ,其他,1
bourbon 68-4829-01,1B4183K00-01E,開關,0,內交,1,50T,384 ,0 ,其他,1
bourbon 68-4829-01,1B4183P00-02E,開關支架,0,內交,1,50T,360 ,0 ,其他,1
bourbon 68-4829-01,1B4183Q00-03E,鏡片支架,0,內交,1,50T,450 ,0 ,其他,1
bourbon CR 68-5217-01,1B417M900-01E,聽筒上蓋,0,內交,1,180T,116 ,0 ,其他,1
bourbon CR 68-5217-01,1B417MA00-01E,聽筒底蓋,0,內交,1,180T,133 ,0 ,其他,1
bourbon CR 68-5217-01,1B01N3D00-21E,聽筒支架,0,內交,1,100T,379 ,0 ,其他,1
bourbon CR 68-5217-01,1B417M800-01E,聽筒導光柱,0,內交,1,50T,226 ,0 ,其他,1
bourbon CR 68-5217-01,1B4183Y00-01E,前蓋,0,內交,1,350T,53 ,0 ,其他,1
bourbon CR 68-5217-01,1B41CKK00-01E,上支架,0,內交,1,DC200T,120 ,0 ,其他,1
bourbon CR 68-5217-01,1B4184000-02E,下支架,0,內交,1,DC200T,120 ,0 ,其他,1
bourbon CR 68-5217-01,1B41CK800-01E,切斷鍵次總成,0,內交,1,100T,180 ,0 ,其他,1
bourbon CR 68-5217-01,1B41CKJ00-01E,燈罩,0,內交,1,50T,360 ,0 ,其他,1
bourbon CR 68-5217-01,1B41CKW00-01E,數字按鍵,0,內交,1,HDC200T外包,120 ,0 ,其他,1
bourbon CR 68-5217-01,1B41CK500-01E,聲音鍵,0,內交,1,DC120T,288 ,0 ,其他,1
bourbon CR 68-5217-01,1B418KV00-01E,功能按鍵,0,內交,1,HDC200T,240 ,0 ,其他,1
bourbon CR 68-5217-01,1B4183E00-01E,可拆卸鍵,0,內交,1,DC200T,480 ,0 ,其他,1
bourbon CR 68-5217-01,1B4183E00-02E,可拆卸鍵,0,內交,1,DC200T,480 ,0 ,其他,1
bourbon CR 68-5217-01,1B4183E00-03E,可拆卸鍵,0,內交,1,DC200T,480 ,0 ,其他,1
bourbon CR 68-5217-01,1B4183E00-04E,掛斷鍵,0,內交,1,DC120T,576 ,0 ,其他,1
bourbon CR 68-5217-01,1B41C6H00-01E,屏幕支架,0,內交,1,180T,120 ,0 ,其他,1
bourbon CR 68-5217-01,1B4183H00-01E,導光柱,0,內交,1,50T,640 ,0 ,其他,1
bourbon CR 68-5217-01,1B4183K00-11E,開關,0,內交,1,50T,384 ,0 ,其他,1
bourbon CR 68-5217-01,1B4183P00-02E,開關支架,0,內交,1,50T,360 ,0 ,其他,1
bourbon CR 68-5217-01,1B4183Q00-03E,鏡片支架,0,內交,1,50T,450 ,0 ,其他,1
bourbon CR 68-5217-01,1B4183B00-01E,屏幕後蓋,0,內交,1,250T,120 ,0 ,其他,1
bourbon CR 68-5217-01,1B4183W00-01E,後蓋,0,內交,1,450T,53 ,0 ,其他,1
bourbon CR 白68-5506-01,1B4183K00-21E,開關(白色),0,內交,1,50T,360 ,0 ,其他,1
bourbon CR 白68-5506-01,1B4183Y00-21E,前蓋(白色),0,內交,1,350T,53 ,0 ,其他,1
bourbon CR 白68-5506-01,1B41CKK00-21E,上支架(白色),0,內交,1,DC200T,120 ,0 ,其他,1
bourbon CR 白68-5506-01,1B4184000-22E,下支架(白色),0,內交,1,DC200T,120 ,0 ,其他,1
bourbon CR 白68-5506-01,1B41CK800-21E,切斷鍵(白色),0,內交,1,100T,180 ,0 ,其他,1
bourbon CR 白68-5506-01,1B41CKW00-21E,數字按鍵(白色),0,內交,1,HDC200T外包,120 ,0 ,其他,1
bourbon CR 白68-5506-01,1B41CK500-21E,聲音鍵(白色),0,內交,1,DC120T,288 ,0 ,其他,1
bourbon CR 白68-5506-01,1B418KV00-21E,功能按鍵(白色),0,內交,1,HDC200T,240 ,0 ,其他,1
bourbon CR 白68-5506-01,1B4183E00-21E,可拆卸鍵(白色),0,內交,1,DC200T,276 ,0 ,其他,1
bourbon CR 白68-5506-01,1B4183E00-22E,可拆卸鍵(白色),0,內交,1,DC200T,276 ,0 ,其他,1
bourbon CR 白68-5506-01,1B4183E00-23E,可拆卸鍵(白色),0,內交,1,DC200T,276 ,0 ,其他,1
bourbon CR 白68-5506-01,1B4183E00-24E,掛斷鍵(白色),0,內交,1,DC120T,576 ,0 ,其他,1
bourbon CR 白68-5506-01,1B01N3D00-21E,聽筒支架,0,內交,1,100T,379 ,0 ,其他,1
bourbon CR 白68-5506-01,1B417M800-01E,聽筒導光柱,0,內交,1,50T,226 ,0 ,其他,1
bourbon CR 白68-5506-01,1B417M900-21E,聽筒上蓋,540,內交,1,180T,116 ,5 ,其他,1
bourbon CR 白68-5506-01,1B417MA00-21E,聽筒下蓋,540,內交,1,250T外包,133 ,4 ,其他,1
bourbon CR 白68-5506-01,1B41C6H00-01E,屏幕支架,0,內交,1,180T,120 ,0 ,其他,1
bourbon CR 白68-5506-01,1B4183H00-01E,導光柱,0,內交,1,50T,640 ,0 ,其他,1
bourbon CR 白68-5506-01,1B4183P00-02E,開關支架,0,內交,1,50T,360 ,0 ,其他,1
bourbon CR 白68-5506-01,1B4183Q00-03E,鏡片支架,0,內交,1,50T,450 ,0 ,其他,1
bourbon CR 白68-5506-01,1B4183W00-21E,後蓋(白色),0,內交,1,350T,53 ,0 ,其他,1
bourbon CR 白68-5506-01,1B4183B00-21E,屏幕後蓋(白色),0,內交,1,250T,78 ,0 ,其他,1
bourbon CR 白68-5506-01,1B4183K00-22E,開關,0,內交,1,50T,384 ,0 ,其他,1
Lagniappe 68-5322-01,1B961TB41-00E,連接蓋,0,內交,1,50T,360 ,0 ,其他,1
Lagniappe 68-5322-01,1B961TB51-00E,連接蓋,0,內交,1,50T,450 ,0 ,其他,1
Lagniappe 68-5322-01,1B41W1F00-00E,屏幕支架,0,內交,1,100T,131 ,0 ,其他,1
Lagniappe 68-5322-01,1B41W1700-01E,前蓋,0,內交,1,250T,55 ,0 ,其他,1
Lagniappe 68-5322-01,1B41W1800-01E,選擇鍵1,0,內交,1,HDC200T,480 ,0 ,其他,1
Lagniappe 68-5322-01,1B41W1900-01E,選擇鍵2,0,內交,1,HDC200T,480 ,0 ,其他,1
Lagniappe 68-5322-01,1B41W1A00-01E,按鍵,0,內交,2,HDC200T,120 ,0 ,其他,1
Lagniappe 68-5322-01,1B41W1600-01E,后蓋,0,內交,1,250T,55 ,0 ,其他,1
Lagniappe 68-5322-01,1B41W1B00-01E,連接器右擋板,0,內交,1,50T,288 ,0 ,其他,1
Lagniappe 68-5322-01,1B41W1C00-01E,連接器左擋板,0,內交,1,50T,288 ,0 ,其他,1
Lagniappe 68-5322-01,1B41W1D00-01E,腳架下蓋,0,內交,1,50T外包,144 ,0 ,其他,1
Lagniappe 68-5322-01,1B41W1E00-01E,腳架上蓋,0,內交,1,100T外包,131 ,0 ,其他,1
Lagniappe 白68-5718-01,1B41W1700-31E,前蓋,0,內交,1,250T,55 ,0 ,其他,1
Lagniappe 白68-5718-01,1B41W1800-31E,選擇鍵1,0,內交,1,HDC200T,480 ,0 ,其他,1
Lagniappe 白68-5718-01,1B41W1900-31E,選擇鍵2,0,內交,1,HDC200T,480 ,0 ,其他,1
Lagniappe 白68-5718-01,1B41W1600-31E,后蓋,0,內交,1,250T,55 ,0 ,其他,1
Beignet  6250088-00,1B41AT200-01E,喇叭下蓋,0,內交,1,350T外包,131 ,0 ,其他,1
Beignet  6250088-00,1B41AUM00-01E,喇叭上蓋,0,內交,1,250T,131 ,0 ,其他,1
Beignet  6250088-00,1B41BUJ00-02E,銘牌底座,0,內交,1,50T,411 ,0 ,其他,1
Beignet  6250088-00,1B41AT300-01E,支架,0,內交,1,250T,65 ,0 ,其他,1
Beignet  6250088-00,1B41AUL00-01E,按鍵,0,內交,1,HDC200T,351 ,0 ,其他,1
Beignet  6250088-00,1B41AT000-01E,導光柱,0,內交,3,100T外包,411 ,0 ,其他,1
Beignet  6250088-00,1B41AT500-01E,下蓋,0,內交,1,450T,36 ,0 ,其他,1
Beignet  6250097-00,1B41DCU03-02E,上蓋(未印刷),0,內交,1,180T外包,126 ,0 ,其他,1
Beignet  6250097-00,1B41DCU04-01E,數字鍵,0,內交,1,HDC200T外包,138 ,0 ,其他,1
Beignet  6250097-00,1B41DCU05-01E,靜音鍵,0,內交,1,DC120T,277 ,0 ,其他,1
Beignet  6250097-00,1B41DCU10-01E,功能鍵,0,內交,1,DC120T,277 ,0 ,其他,1
Beignet  6250097-00,1B41DCU06-01E,功能鍵,0,內交,1,50T,160 ,0 ,其他,1
Beignet  6250097-00,1B41DCU07-01E,音量鍵,0,內交,1,DC120T,277 ,0 ,其他,1
Beignet  6250097-00,1B41DCU08-01E,調解鍵,0,內交,1,DC120T,277 ,0 ,其他,1
Beignet  6250097-00,1B41DCU09-02E,功能鍵(未印刷),0,內交,1,DC120T外包,277 ,0 ,其他,1
Beignet  6250097-00,1B41DCU01-01E,後蓋,0,內交NSD,1,180T外包,120 ,0 ,其他,1
Beignet  6250091-00,1B41CQ700-01E,後蓋,0,內交NSD,2,100T,180 ,0 ,其他,1
Beignet  6250091-00,1B41CQ900-01E,按鍵,0,內交,2,HDC200T,240 ,0 ,其他,1
Beignet  6250091-00,1B41CQ600-01E,上蓋,0,內交,2,100T,180 ,0 ,其他,1
Beignet 6250090-00 ,1B41CQB00-01E,上蓋,0,內交,2,100T,180 ,0 ,其他,1
Beignet 6250090-00 ,1B41CQA00-01E,導光柱,0,內交,2,50T,460 ,0 ,其他,1
Beignet 6250090-00 ,1B41CQ900-01E,按鍵,0,內交,2,HDC200T,240 ,0 ,其他,1
Beignet 6250090-00 ,1B41CQ800-01E,電池蓋,0,內交NSD,2,50T,411 ,0 ,其他,1
Beignet 6250090-00 ,1B41CQC00-01E,後蓋,0,內交NSD,2,100T,180 ,0 ,其他,1
Beignet 6250095-00,1B41AT400-01E,充電器下蓋,0,內交,1,180T,160 ,0 ,其他,1
Beignet 6250095-00,1B41AT100-01E,導光柱,0,內交NSD,1,50T,411 ,0 ,其他,1
Beignet 6250095-00,1B41AUN00-01E,充電器上蓋,0,內交NSD,1,250T,99 ,0 ,其他,1
Beignet ,1B41DCU02-01E,面窗,0,內交,1,100T,144 ,0 ,其他,1
Big Easy Snoopy 800-39636-01/04,1B01N3D00-21E,聽筒支架,112630,內交,1,100T,379 ,297 ,其他,1
Big Easy Snoopy 800-39636-01/04,1B417M800-01E,聽筒導光柱,112630,內交,1,50T,226 ,497 ,其他,1
Big Easy Snoopy 800-39636-01/04,1B417M900-01E,聽筒上蓋,112630,內交,1,180T,116 ,970 ,其他,1
Big Easy Snoopy 800-39636-01/04,1B417MA00-01E,聽筒底蓋,112630,內交,1,180T,133 ,845 ,其他,1
Big Easy,1B41UD700-01E,前蓋,36000,內交,1,350T,63 ,570 ,其他,1
Big Easy,1B41UD800-01E,上支架,52630,內交,1,DC200T外包,160 ,329 ,其他,1
Big Easy,1B41UD900-01E,下支架,52630,內交,1,DC200T外包,240 ,219 ,其他,1
Big Easy,1B41UD500-01E,喇叭上蓋,52630,內交,1,250T外包,267 ,197 ,其他,1
Big Easy,1B41UD600-01E,喇叭下蓋,52630,內交,1,250T外包,262 ,201 ,其他,1
Big Easy,1B41UDA00-01E,切斷鍵,52630,內交,1,100T外包,167 ,314 ,其他,1
Big Easy,1B41UDB00-01E,掛鉤,52630,內交,1,100T,320 ,164 ,其他,1
Big Easy,1B41UDC00-01E,數字鍵,52630,內交,1,HDC200T外包,111 ,475 ,其他,1
Big Easy,1B41UDH00-01E,功能鍵,52630,內交,1,HDC200T外包,222 ,238 ,其他,1
Big Easy,1B41UDD00-01E,功能鍵,52630,內交,1,DC200T,144 ,122 ,其他,1
Big Easy,1B41UDD00-02E,功能鍵,52630,內交,1,DC200T,144 ,122 ,其他,1
Big Easy,1B41UDD00-03E,功能鍵,52630,內交,1,DC200T,144 ,122 ,其他,1
Big Easy,1B41UCU00-01E,會議鍵,52630,內交,1,DC200T,144 ,122 ,其他,1
Big Easy,1B41UCU00-02E,會議鍵,52630,內交,1,DC200T,144 ,122 ,其他,1
Big Easy,1B41UCU00-03E,會議鍵,52630,內交,1,DC200T,144 ,122 ,其他,1
Big Easy,1B41UCV00-01E,返回鍵,52630,內交,1,DC200T外包,1371 ,38 ,其他,1
Big Easy,1B41UCW00-01E,掛斷鍵,52630,內交,1,DC200T外包,1371 ,38 ,其他,1
Big Easy,1B41UCY00-01E,軟鍵,52630,內交,1,100T,360 ,146 ,其他,1
Big Easy,1B41UD000-01E,音量鍵,52630,內交,1,DC200T外包,720 ,73 ,其他,1
Big Easy,1B41UD100-01E,透光鍵,52630,內交,1,DC120T,351 ,150 ,其他,1
Big Easy,1B41UD200-01E,LCD支架,72000,內交,2,130T外包,131 ,550 ,其他,1
Big Easy,1A328AE00-01E,後蓋總成,16000,內交NSD,1,350T,51 ,311 ,其他,1
Big Easy,1A328AD00-01E,後蓋總成,20000,內交NSD,1,350T,51 ,389 ,其他,1
Big Easy,1A328AC00-01E,後蓋總成,0,內交NSD,1,350T,51 ,0 ,其他,1
Big Easy,700-44954-01,燈罩,52630,內交,1,100T,1565 ,34 ,其他,1
Big Easy,700-44998-01,連接蓋,52630,內交NSD,1,50T,400 ,132 ,其他,1
Big Easy,700-44999-01,連接蓋,52630,內交NSD,1,50T,514 ,102 ,其他,1
Big Easy,1A02BEH10-03E,喇叭下蓋,52630,內交,1,250T外包,206 ,256 ,其他,1
Big Easy,1A02BEH10-04E,切斷鍵,52630,內交,1,100T外包,144 ,365 ,其他,1
Big Easy 白,1B41UD300-01E,燈罩,0,內交,1,100T,960 ,0 ,其他,1
Big Easy 白,1A328AE00-31E,後蓋總成,0,內交NSD,1,350T,45 ,0 ,其他,1
Big Easy 白,1B41UD200-01E,LCD支架,0,內交,2,130T外包,131 ,0 ,其他,1
Big Easy 白,1A328AD00-31E,後蓋總成,0,內交NSD,1,350T,45 ,0 ,其他,1
Big Easy 白,700-104502-01,連接蓋,0,內交NSD,1,50T,288 ,0 ,其他,1
Big Easy 白,700-104503-01,連接蓋,0,內交NSD,1,50T,288 ,0 ,其他,1
Big Easy 白,1A328AC00-31E,後蓋總成,0,內交NSD,1,350T,45 ,0 ,其他,1
Big Easy 白,1B741TB21-00E,腳架下蓋,0,內交,1,250T外包,103 ,0 ,其他,1
Big Easy 白,1B751TB21-00E,腳架上蓋,0,內交,1,100T外包,131 ,0 ,其他,1
Big Easy 白,1B01N3D00-21E,聽筒支架,0,內交,1,100T,379 ,0 ,其他,1
Big Easy 白,1B417M800-01E,聽筒導光柱,0,內交,1,50T,226 ,0 ,其他,1
Big Easy 白,1B417M900-21E,聽筒上蓋,0,內交,1,180T,116 ,0 ,其他,1
Big Easy 白,1B417MA00-21E,聽筒下蓋,0,內交,1,250T外包,133 ,0 ,其他,1
Big Easy 白,1B41UD700-31E,前蓋,0,內交,1,350T,45 ,0 ,其他,1
Big Easy 白,1B41UDD00-31E,功能鍵,0,內交,1,DC200T,111 ,0 ,其他,1
Big Easy 白,1B41UDD00-32E,功能鍵,0,內交,1,DC200T,111 ,0 ,其他,1
Big Easy 白,1B41UDD00-33E,功能鍵,0,內交,1,DC200T,111 ,0 ,其他,1
Big Easy 白,1B41UCU00-31E,會議鍵,0,內交,1,DC200T,111 ,0 ,其他,1
Big Easy 白,1B41UCU00-32E,會議鍵,0,內交,1,DC200T,111 ,0 ,其他,1
Big Easy 白,1B41UCU00-33E,會議鍵,0,內交,1,DC200T,111 ,0 ,其他,1
Big Easy 白,1B41UD600-01E,喇叭下蓋,0,內交,1,250T外包,262 ,0 ,其他,1
Big Easy 白,1A02BEH10-03E,喇叭下蓋,0,內交,1,250T外包,206 ,0 ,其他,1
Big Easy 白,1B41UDA00-31E,切斷鍵,0,內交,1,100T外包,144 ,0 ,其他,1
Big Easy 白,1A02BEH10-34E,切斷鍵,0,內交,1,100T外包,144 ,0 ,其他,1
Big Easy 白,1B41UDH00-31E,功能鍵,0,內交,1,HDC200T外包,222 ,0 ,其他,1
Big Easy 白,1A02BEH10-36E,功能鍵,0,內交,1,HDC200T外包,222 ,0 ,其他,1
Big Easy 白,1B41UCV00-31E,返回鍵,0,內交,1,DC200T外包,886 ,0 ,其他,1
Big Easy 白,1B41UCW00-31E,掛斷鍵,0,內交,1,DC200T外包,886 ,0 ,其他,1
Big Easy 白,1B41UCY00-01E,軟鍵,0,內交,1,100T,360 ,0 ,其他,1
Big Easy 白,1B41UD000-31E,音量鍵,0,內交,1,DC200T外包,443 ,0 ,其他,1
Big Easy 白,1B41UD100-01E,透光鍵,0,內交,1,DC120T,351 ,0 ,其他,1
Big Easy 白,1B41UD500-01E,喇叭上蓋,0,內交,1,250T外包,267 ,0 ,其他,1
Big Easy 白,1B41UD800-31E,上支架,0,內交,1,DC200T外包,111 ,0 ,其他,1
Big Easy 白,1B41UD900-31E,下支架,0,內交,1,DC200T外包,222 ,0 ,其他,1
Big Easy 白,1B41UDB00-31E,掛鉤,0,內交,1,100T,288 ,0 ,其他,1
Big Easy 白,1B41UDC00-31E,數字鍵,0,內交,1,HDC200T外包,111 ,0 ,其他,1
BEVCR Video74-120333-334-341-335,7B162FP00-01E,前蓋,16630,內交,1,450T,51 ,323 ,其他,1
BEVCR Video74-120333-334-341-335,1A42UTN00-02E,前蓋新次總成,16630,內交,1,450T,62 ,268 ,其他,1
BEVCR Video74-120333-334-341-335,1A42UTN00-05E,喇叭下蓋,16630,內交,1,250T,262 ,64 ,其他,1
BEVCR Video74-120333-334-341-335,7B090R000-01E,支架,16630,內交,1,130T,131 ,127 ,其他,1
BEVCR Video74-120333-334-341-335,7B162FQ00-01E,8845 后蓋,16630,內交,1,450T,51 ,323 ,其他,1
BEVCR Video74-120333-334-341-335,1A42UTK00-00E,後蓋總成,16630,內交,1,450T,51 ,323 ,其他,1
BEVCR Video 74-120333-334-341,7B162FR00-01E,8865后蓋,0,內交,1,450T,51 ,0 ,其他,1
BEVCR Video 74-120333-334-341,1A42UTL00-00E,後蓋總成,0,內交,1,450T,51 ,0 ,其他,1
1A21B4900-11E,1B41FTC10-11E,擋蓋,0,內交,1,50T,411 ,0 ,其他,1
Lafayette F21  1A21B4900-11E,1B41FTD10-11E,腳架蓋,0,內交NSD,1,180T,144 ,0 ,其他,1
Lafayette F21,1B41FTE10-01E,前蓋,0,內交NSD,1,650T,45 ,0 ,其他,1
Lafayette F21,1B41FTF10-01E,導光柱,0,內交NSD,1,100T,554 ,0 ,其他,1
Lafayette F21,1B41FTE10-11E,前蓋,0,內交NSD,1,650T,45 ,0 ,其他,1
1A0249R00P45E,1B013VU00-45E,後蓋,0,內交NSD,1,350T,85 ,0 ,其他,1
1A0249R00P45E,2Q687K051E,腳架桿銷板,0,內交,1,130T外包,511 ,0 ,其他,1
1A0249R00P45E,2Q687K061E,腳架桿按鈕,0,內交,1,130T外包,823 ,0 ,其他,1
1A0249R00P45E,2Q687K071E,腳桿銷,0,內交,1,130T外包,538 ,0 ,其他,1
1A0249R00P45E,2Q687K081E,角架,0,內交,2,450T外包,170 ,0 ,其他,1
1A0249R00P45E,2Q687K091E,角架轉軸,0,內交,2,50T外包,1459 ,0 ,其他,1
大力士WIFI Phone ,1B41HED40-01E,電池蓋,4192,內交,1,180T,120 ,35 ,其他,1
大力士WIFI Phone ,1B41HEA40-01E,前蓋,4192,內交,1,DC200T,55 ,76 ,其他,1
大力士WIFI Phone ,1B41HEB40-01E,導光柱,4192,內交,1,100T,480 ,9 ,其他,1
大力士WIFI Phone ,1B41HEP40-01E,按鍵,20960,內交,5,50T,1047 ,20 ,其他,1
大力士WIFI Phone ,1B41HEE40-01E,后蓋,4192,內交,1,DC200T,55 ,76 ,其他,1
大力士WIFI Phone ,1B41HEF40-01E,支架,4192,內交,1,100T,480 ,9 ,其他,1
大力士WIFI Phone ,1B41HEG40-01E,支架,4192,內交,1,50T,576 ,7 ,其他,1
大力士WIFI Phone ,1B41HEH40-01E,支架,4192,內交,1,DC200T,443 ,9 ,其他,1
大力士WIFI Phone ,3B29HKB20-00E,插銷,4192,內交,1,130T,131 ,32 ,其他,1
Dock,1B41DKC20-01E,底蓋,576,內交NSD,1,350T,103 ,6 ,其他,1
Dock,1A4123F10-01E,按鍵總成,576,內交NSD,1,DC200T,206 ,3 ,其他,1
Dock,1B41DKD20-01E,按鍵,576,內交,1,DC200T,206 ,3 ,其他,1
Dock,1B41DKA20-01E,前蓋,576,內交,1,350T,103 ,6 ,其他,1
Dock,1B41DKB20-01E,後蓋,576,內交,1,450T,51 ,11 ,其他,1
Dock,1B41DKE20-01E,導光柱,576,內交,1,100T,144 ,4 ,其他,1
Dock,1B41DKF20-01E,支架,576,內交,1,180T,131 ,4 ,其他,1
Dock,1B41DKH20-01E,喇叭前蓋,576,內交,1,100T,144 ,4 ,其他,1
Dock,1B41DKK20-01E,喇叭後蓋,576,內交,1,250T,103 ,6 ,其他,1
Black Volantis,700-112904-01,數字鍵,2000,內交,1,HDC200,120 ,17 ,其他,1
Black Volantis,700-112905-01,音量鍵,2000,內交,1,DC120,131 ,15 ,其他,1
Black Volantis,700-112906-01,導航鍵,2000,內交,1,DC120,131 ,15 ,其他,1
Black Volantis,700-112907-01,確認鍵,2000,內交,1,DC120,262 ,8 ,其他,1
Black Volantis,700-112902-01,靜音鍵,2000,內交,1,HDC200,120 ,17 ,其他,1
White  Volantis,700-111536-01,數字鍵,0,內交,1,HDC200,120 ,0 ,其他,1
White  Volantis,700-111537-01,音量鍵,0,內交,1,DC120,131 ,0 ,其他,1
White  Volantis,700-111541-01,導航鍵,0,內交,1,DC120,131 ,0 ,其他,1
White  Volantis,700-111542-01,確認鍵,0,內交,1,DC120,262 ,0 ,其他,1
White  Volantis,700-111518-01,靜音鍵,0,內交,1,HDC200,120 ,0 ,其他,1
Braavos黑+3PCC+白,700-110584-01A,top_housing,523,內交,1,450T,51 ,10 ,其他,1
Braavos黑+3PCC,700-110585-01,數字鍵,523,內交,1,DC200T,144 ,4 ,其他,1
Braavos黑+3PCC,700-110960-01,導航鍵,523,內交,1,DC120T,144 ,4 ,其他,1
Braavos黑+3PCC,700-110961-01,選擇鍵,523,內交,1,DC120T,144 ,4 ,其他,1
Braavos黑+3PCC,700-110962-01,確認鍵,523,內交,1,DC120T,144 ,4 ,其他,1
Braavos黑+3PCC,700-110842-01,key_mute_bottom1,523,內交,1,50T,144 ,4 ,其他,1
Braavos黑+3PCC+白,700-110591-01,中蓋,523,內交,1,180T,72 ,7 ,其他,1
Braavos白,700-110615-01,數字鍵,0,內交,1,HDC200,120 ,0 ,其他,1
Braavos白,700-113141-01,導航鍵,0,內交,1,DC120,144 ,0 ,其他,1
Braavos白,700-113142-01,音量鍵,0,內交,1,DC120,144 ,0 ,其他,1
Braavos白,700-113143-01,確認鍵,0,內交,1,DC120,144 ,0 ,其他,1
Braavos白,700-113823-01,key_mute_bottom1,0,內交,1,50T,144 ,0 ,其他,1
Braavos白,700-110743-01,靜音鍵,0,內交NSD,1,HDC200,120 ,0 ,其他,1
Braavos黑+3PCC+白,700-110600-01,導光柱,523,內交NSD,1,100T,144 ,4 ,其他,1
Braavos黑+3PCC,700-110601-01,靜音鍵,523,內交NSD,1,50T,144 ,4 ,其他,1
White Harbor KEM Video,1B51J7E00-01E,前 蓋,0,內交,1,450T,55 ,0 ,其他,1
White Harbor KEM Video+Audio,1B51J2H00-01E,按鍵,14422.8,內交,2,DC120T,144 ,100 ,其他,1
White Harbor KEM Video+Audio,1B41W1800-01E,選擇鍵1,7211.4,內交,1,HDC200T,480 ,15 ,其他,1
White Harbor KEM Video+Audio,1B41W1900-01E,選擇鍵2,7211.4,內交,1,HDC200T,480 ,15 ,其他,1
White Harbor KEM Video,1B51J7D00-01E,后蓋,0,內交,1,350T,55 ,0 ,其他,1
White Harbor KEM Video,1B41W1C00-01E,連接器左擋板,0,內交,1,50T,288 ,0 ,其他,1
White Harbor KEM Video+Audio,700-45461-02,連接器右擋板,7211.4,內交,1,50T,411 ,18 ,其他,1
White Harbor KEM Video+Audio,700-44998-01,連接蓋,7211.4,內交,1,50T,400 ,18 ,其他,1
White Harbor KEM Audio,1B51J2M00-01E,前 蓋,7211.4,內交,1,250T,60 ,120 ,其他,1
White Harbor KEM Audio,1B51J2L00-01E,后蓋,7211.4,內交,1,250T,60 ,120 ,其他,1
White Harbor KEM Audio,1B41W1C00-01E,連接器左擋板,7211.4,內交,1,50T,288 ,25 ,其他,1
White Harbor KEM Video,1A42L1V00-01E,面板,0,內交NSD,1,100T,144 ,0 ,其他,1
White Harbor KEM Video+Audio,1A42K1WQ00-01E,屏幕支架,14422.8,內交NSD,2,50T,144 ,100 ,其他,1
White Harbor KEM Video+Audio,700-44999-01,連接蓋,7211.4,內交NSD,1,50T,514 ,14 ,其他,1
